{
    "pools": [
      {
        "rolls": 1,
        "entries": [
          {
            "type": "item",
            "name": "minecraft:written_book",
            "functions": [
              {"function": "set_nbt", "tag": "{pages:[
                  
                      '[\"\",
                        {\"text\":\"Table of Contents\\\\n\\\\n\",\"underlined\":\"true\",\"font\":\"minecraft:default\"},
                        {\"text\":\" \uF504\",\"font\":\"joshmorefoods:cookbook\",\"color\":\"white\"},
                        {\"text\":\" Knives\\\\n\",\"font\":\"minecraft:default\",\"color\":\"reset\",\"clickEvent\":{\"action\":\"change_page\",\"value\":2},\"hoverEvent\":{\"action\":\"show_text\",\"contents\":[{\"text\":\"Skip to Knives\"}]}},
                        {\"text\":\" \uF002\",\"font\":\"joshmorefoods:cookbook\",\"color\":\"white\"},
                        {\"text\":\" Rice Making\\\\n\",\"font\":\"minecraft:default\",\"color\":\"reset\",\"clickEvent\":{\"action\":\"change_page\",\"value\":3},\"hoverEvent\":{\"action\":\"show_text\",\"contents\":[{\"text\":\"Skip to Rice Making\"}]}},
                        {\"text\":\" \uF101\",\"font\":\"joshmorefoods:cookbook\",\"color\":\"white\"},
                        {\"text\":\" Breads\\\\n\",\"font\":\"minecraft:default\",\"color\":\"reset\",\"clickEvent\":{\"action\":\"change_page\",\"value\":6},\"hoverEvent\":{\"action\":\"show_text\",\"contents\":[{\"text\":\"Skip to Breads\"}]}},
                        {\"text\":\" \uF605\",\"font\":\"joshmorefoods:cookbook\",\"color\":\"white\"},
                        {\"text\":\" Salads\\\\n\",\"font\":\"minecraft:default\",\"color\":\"reset\",\"clickEvent\":{\"action\":\"change_page\",\"value\":8},\"hoverEvent\":{\"action\":\"show_text\",\"contents\":[{\"text\":\"Skip to Salads\"}]}},
                        {\"text\":\" \uF303\",\"font\":\"joshmorefoods:cookbook\",\"color\":\"white\"},
                        {\"text\":\" Seafood\\\\n\",\"font\":\"minecraft:default\",\"color\":\"reset\",\"clickEvent\":{\"action\":\"change_page\",\"value\":10},\"hoverEvent\":{\"action\":\"show_text\",\"contents\":[{\"text\":\"Skip to Seafood\"}]}},
                        {\"text\":\" \uF402\",\"font\":\"joshmorefoods:cookbook\",\"color\":\"white\"},
                        {\"text\":\" Pies\\\\n\",\"font\":\"minecraft:default\",\"color\":\"reset\",\"clickEvent\":{\"action\":\"change_page\",\"value\":12},\"hoverEvent\":{\"action\":\"show_text\",\"contents\":[{\"text\":\"Skip to Pies\"}]}},
                        {\"text\":\" \uF302\",\"font\":\"joshmorefoods:cookbook\",\"color\":\"white\"},
                        {\"text\":\" Cookies\\\\n\",\"font\":\"minecraft:default\",\"color\":\"reset\",\"clickEvent\":{\"action\":\"change_page\",\"value\":14},\"hoverEvent\":{\"action\":\"show_text\",\"contents\":[{\"text\":\"Skip to Cookies\"}]}},
                        {\"text\":\" \uF701\",\"font\":\"joshmorefoods:cookbook\",\"color\":\"white\"},
                        {\"text\":\" Desserts\\\\n\\\\n\",\"font\":\"minecraft:default\",\"color\":\"reset\",\"clickEvent\":{\"action\":\"change_page\",\"value\":16},\"hoverEvent\":{\"action\":\"show_text\",\"contents\":[{\"text\":\"Skip to Desserts\"}]}},
                        {\"text\":\" Datapack Credits\\\\n\\\\n\",\"font\":\"minecraft:default\",\"color\":\"reset\",\"clickEvent\":{\"action\":\"change_page\",\"value\":20},\"hoverEvent\":{\"action\":\"show_text\",\"contents\":[{\"text\":\"Skip to Credits\"}]}},
                        {\"text\":\" v3.2.0\",\"font\":\"minecraft:default\",\"color\":\"reset\"}                       
                      ]',

                      '[\"\",
                        {\"text\":\"Knives\\\\n\\\\n\",\"underlined\":\"true\",\"font\":\"minecraft:default\",\"color\":\"black\"},
                        {\"text\":\" \uE504\\\\n\\\\n\\\\n\\\\n\\\\n\",\"font\":\"joshmorefoods:cookbook\",\"color\":\"white\"},
                        {\"text\":\" This is used for\\\\n recipes that require\\\\n cutting (none exist\\\\n yet). It can be made\\\\n and upgraded into\\\\n all tool materials.\\\\n\",\"font\":\"minecraft:default\",\"color\":\"dark_gray\"}                       
                      ]',

                      '[\"\",
                        {\"text\":\"Rice Making\\\\n\\\\n\",\"underlined\":\"true\",\"font\":\"minecraft:default\",\"color\":\"black\"},
                        {\"text\":\" Rice Making Station\\\\n\",\"font\":\"minecraft:default\",\"color\":\"black\"},
                        {\"text\":\" \uE001\\\\n\\\\n\\\\n\\\\n\\\\n\",\"font\":\"joshmorefoods:cookbook\",\"color\":\"white\"},
                        {\"text\":\" This is used for\\\\n recipes that make\\\\n (and use) rice. It can\\\\n only craft/cook in\\\\n batches of 16 at\\\\n most.\",\"font\":\"minecraft:default\",\"color\":\"dark_gray\"}                       
                      ]',

                      '[{\"text\":\" \uF002\",\"font\":\"joshmorefoods:cookbook\",\"color\":\"white\"},
                        {\"text\":\" | Rice\\\\n\",\"font\":\"minecraft:default\",\"color\":\"black\"},
                        {\"text\":\" \uE002\",\"font\":\"joshmorefoods:cookbook\",\"color\":\"white\"},
                        {\"text\":\" (Only one\\\\n             bucket is \\\\n             needed for\\\\n             each craft.)\\\\n\\\\n\\\\n\",\"font\":\"minecraft:default\",\"color\":\"dark_gray\"},
                        {\"text\":\" Rice can be used in\\\\n place of wheat in\\\\n any recipe.\",\"font\":\"minecraft:default\",\"color\":\"dark_gray\"}                       
                      ]',

                      '[{\"text\":\" \uF601\",\"font\":\"joshmorefoods:cookbook\",\"color\":\"white\"},
                        {\"text\":\" | Rice Bowl\\\\n\",\"font\":\"minecraft:default\",\"color\":\"black\"},
                        {\"text\":\" \uE601\",\"font\":\"joshmorefoods:cookbook\",\"color\":\"white\"},
                        {\"text\":\" (Can be left\\\\n             in crafter\\\\n             to make\\\\n             recipes\\\\n             in bulk.)\\\\n\\\\n\",\"font\":\"minecraft:default\",\"color\":\"dark_gray\"},
                        {\"text\":\" \uF801\",\"font\":\"joshmorefoods:cookbook\",\"color\":\"white\"},
                        {\"text\":\" | Fried Rice\\\\n\",\"font\":\"minecraft:default\",\"color\":\"black\"},
                        {\"text\":\" \uE801\",\"font\":\"joshmorefoods:cookbook\",\"color\":\"white\"},
                        {\"text\":\"\\\\n             (This recipe\\\\n             can be\\\\n             mirrored.)\",\"font\":\"minecraft:default\",\"color\":\"dark_gray\"}
                      ]',

                      '[\"\",
                        {\"text\":\"Breads\\\\n\\\\n\",\"underlined\":\"true\",\"font\":\"minecraft:default\",\"color\":\"black\"},
                        {\"text\":\" These breads can\\\\n be used in place of\\\\n normal bread in\\\\n any recipe.\\\\n\\\\n\",\"font\":\"minecraft:default\",\"color\":\"dark_gray\"},
                        {\"text\":\" \uF102\",\"font\":\"joshmorefoods:cookbook\",\"color\":\"white\"},
                        {\"text\":\" | Beetroot Bread\\\\n\",\"font\":\"minecraft:default\",\"color\":\"black\"},
                        {\"text\":\" \uE102\",\"font\":\"joshmorefoods:cookbook\",\"color\":\"white\"}                
                      ]',

                      '[{\"text\":\" \uF101\",\"font\":\"joshmorefoods:cookbook\",\"color\":\"white\"},
                        {\"text\":\" | Carrot Bread\\\\n\",\"font\":\"minecraft:default\",\"color\":\"black\"},
                        {\"text\":\" \uE101\",\"font\":\"joshmorefoods:cookbook\",\"color\":\"white\"},                        
                        {\"text\":\"\\\\n\\\\n\\\\n\\\\n\\\\n\\\\n \uF103\",\"font\":\"joshmorefoods:cookbook\",\"color\":\"white\"},
                        {\"text\":\" | Potato Bread\\\\n\",\"font\":\"minecraft:default\",\"color\":\"black\"},
                        {\"text\":\" \uE103\",\"font\":\"joshmorefoods:cookbook\",\"color\":\"white\"}                        
                      ]',

                      '[\"\",
                        {\"text\":\"Salads\\\\n\\\\n\",\"underlined\":\"true\",\"font\":\"minecraft:default\",\"color\":\"black\"},
                        {\"text\":\" Any leaves variant\\\\n can be used.\\\\n\\\\n\",\"font\":\"minecraft:default\",\"color\":\"dark_gray\"},
                        {\"text\":\" \uF605\",\"font\":\"joshmorefoods:cookbook\",\"color\":\"white\"},
                        {\"text\":\" | Vegetable Salad\\\\n\",\"font\":\"minecraft:default\",\"color\":\"black\"},
                        {\"text\":\" \uE605\",\"font\":\"joshmorefoods:cookbook\",\"color\":\"white\"},
                        {\"text\":\"\\\\n\\\\n\\\\n\\\\n\\\\n Carrots and potatoes\\\\n can also be used\\\\n instead of beetroot.\",\"font\":\"minecraft:default\",\"color\":\"dark_gray\"}                
                      ]',

                      '[{\"text\":\" \uF603\",\"font\":\"joshmorefoods:cookbook\",\"color\":\"white\"},
                        {\"text\":\" | Coleslaw\\\\n\",\"font\":\"minecraft:default\",\"color\":\"black\"},
                        {\"text\":\" \uE603\",\"font\":\"joshmorefoods:cookbook\",\"color\":\"white\"},                        
                        {\"text\":\"\\\\n\\\\n\\\\n\\\\n\\\\n\\\\n \uF604\",\"font\":\"joshmorefoods:cookbook\",\"color\":\"white\"},
                        {\"text\":\" | Potato Salad\\\\n\",\"font\":\"minecraft:default\",\"color\":\"black\"},
                        {\"text\":\" \uE604\",\"font\":\"joshmorefoods:cookbook\",\"color\":\"white\"}                        
                      ]',

                      '[\"\",
                        {\"text\":\"Seafood\\\\n\\\\n\",\"underlined\":\"true\",\"font\":\"minecraft:default\",\"color\":\"black\"},
                        {\"text\":\" \uF303\",\"font\":\"joshmorefoods:cookbook\",\"color\":\"white\"},
                        {\"text\":\" | Sushi\\\\n\",\"font\":\"minecraft:default\",\"color\":\"black\"},
                        {\"text\":\" \uE303\",\"font\":\"joshmorefoods:cookbook\",\"color\":\"white\"},
                        {\"text\":\"\\\\n\\\\n\\\\n\\\\n\\\\n\\\\n Raw cod, salmon, or\\\\n tropical fish can be\\\\n used in the sushi.\",\"font\":\"minecraft:default\",\"color\":\"dark_gray\"}                       
                      ]',

                      '[{\"text\":\" \uF602\",\"font\":\"joshmorefoods:cookbook\",\"color\":\"white\"},
                        {\"text\":\" | Fish and Chips\\\\n\",\"font\":\"minecraft:default\",\"color\":\"black\"},
                        {\"text\":\" \uE602\",\"font\":\"joshmorefoods:cookbook\",\"color\":\"white\"}                        
                      ]',

                      '[\"\",
                        {\"text\":\"Pies\\\\n\\\\n\",\"underlined\":\"true\",\"font\":\"minecraft:default\",\"color\":\"black\"},
                        {\"text\":\" \uF403\",\"font\":\"joshmorefoods:cookbook\",\"color\":\"white\"},
                        {\"text\":\" | Apple Pie\\\\n\",\"font\":\"minecraft:default\",\"color\":\"black\"},
                        {\"text\":\" \uE403\",\"font\":\"joshmorefoods:cookbook\",\"color\":\"white\"}
                      ]',

                      '[{\"text\":\" \uF401\",\"font\":\"joshmorefoods:cookbook\",\"color\":\"white\"},
                        {\"text\":\" | Carrot Pie\\\\n\",\"font\":\"minecraft:default\",\"color\":\"black\"},
                        {\"text\":\" \uE401\",\"font\":\"joshmorefoods:cookbook\",\"color\":\"white\"},                        
                        {\"text\":\"\\\\n\\\\n\\\\n\\\\n\\\\n\\\\n \uF402\",\"font\":\"joshmorefoods:cookbook\",\"color\":\"white\"},
                        {\"text\":\" | Sweet Berry Pie\\\\n\",\"font\":\"minecraft:default\",\"color\":\"black\"},
                        {\"text\":\" \uE402\",\"font\":\"joshmorefoods:cookbook\",\"color\":\"white\"}                        
                      ]',

                      '[\"\",
                        {\"text\":\"Cookies\\\\n\\\\n\",\"underlined\":\"true\",\"font\":\"minecraft:default\",\"color\":\"black\"},
                        {\"text\":\" \uF304\",\"font\":\"joshmorefoods:cookbook\",\"color\":\"white\"},
                        {\"text\":\" | Sugar Cookie\\\\n\",\"font\":\"minecraft:default\",\"color\":\"black\"},
                        {\"text\":\" \uE304\",\"font\":\"joshmorefoods:cookbook\",\"color\":\"white\"},
                        {\"text\":\"\\\\n\\\\n\\\\n\\\\n\\\\n\\\\n (The recipe can be\\\\n mirrored.)\",\"font\":\"minecraft:default\",\"color\":\"dark_gray\"}                       
                      ]',

                      '[{\"text\":\" \uF302\",\"font\":\"joshmorefoods:cookbook\",\"color\":\"white\"},
                        {\"text\":\" | Honey Cookie\\\\n\",\"font\":\"minecraft:default\",\"color\":\"black\"},
                        {\"text\":\" \uE302\",\"font\":\"joshmorefoods:cookbook\",\"color\":\"white\"},                        
                        {\"text\":\"\\\\n\\\\n\\\\n\\\\n\\\\n\\\\n \uF301\",\"font\":\"joshmorefoods:cookbook\",\"color\":\"white\"},
                        {\"text\":\" | Sweet Berry\\\\n      Cookies\\\\n\",\"font\":\"minecraft:default\",\"color\":\"black\"},
                        {\"text\":\" \uE301\",\"font\":\"joshmorefoods:cookbook\",\"color\":\"white\"}                        
                      ]',
                    
                      '[\"\",
                        {\"text\":\"Desserts\\\\n\\\\n\",\"underlined\":\"true\",\"font\":\"minecraft:default\",\"color\":\"black\"},
                        {\"text\":\" Ice cream will give\\\\n slowness and\\\\n weakness for a\\\\n short time.\\\\n\\\\n\",\"font\":\"minecraft:default\",\"color\":\"dark_gray\"},
                        {\"text\":\" \uF404\",\"font\":\"joshmorefoods:cookbook\",\"color\":\"white\"},
                        {\"text\":\" | Leche Flan\\\\n\",\"font\":\"minecraft:default\",\"color\":\"black\"},
                        {\"text\":\" \uE404\",\"font\":\"joshmorefoods:cookbook\",\"color\":\"white\"}                       
                      ]',

                      '[{\"text\":\" \uF203\",\"font\":\"joshmorefoods:cookbook\",\"color\":\"white\"},
                        {\"text\":\" | Sweet Roll\\\\n\",\"font\":\"minecraft:default\",\"color\":\"black\"},
                        {\"text\":\" \uE203\",\"font\":\"joshmorefoods:cookbook\",\"color\":\"white\"},                        
                        {\"text\":\"\\\\n\\\\n\\\\n\\\\n\\\\n\\\\n \uF701\",\"font\":\"joshmorefoods:cookbook\",\"color\":\"white\"},
                        {\"text\":\" | Apple Ice Cream\\\\n\",\"font\":\"minecraft:default\",\"color\":\"black\"},
                        {\"text\":\" \uE701\",\"font\":\"joshmorefoods:cookbook\",\"color\":\"white\"}                        
                      ]',

                      '[{\"text\":\" \uF702\",\"font\":\"joshmorefoods:cookbook\",\"color\":\"white\"},
                        {\"text\":\" | Melon Ice Cream\\\\n\",\"font\":\"minecraft:default\",\"color\":\"black\"},
                        {\"text\":\" \uE702\",\"font\":\"joshmorefoods:cookbook\",\"color\":\"white\"},                        
                        {\"text\":\"\\\\n\\\\n\\\\n\\\\n\\\\n\\\\n \uF703\",\"font\":\"joshmorefoods:cookbook\",\"color\":\"white\"},
                        {\"text\":\" | Chocolate\\\\n      Ice Cream\\\\n\",\"font\":\"minecraft:default\",\"color\":\"black\"},
                        {\"text\":\" \uE703\",\"font\":\"joshmorefoods:cookbook\",\"color\":\"white\"}                        
                      ]',

                      '[{\"text\":\" \uF704\",\"font\":\"joshmorefoods:cookbook\",\"color\":\"white\"},
                        {\"text\":\" | Pumpkin\\\\n      Ice Cream\\\\n\",\"font\":\"minecraft:default\",\"color\":\"black\"},
                        {\"text\":\" \uE704\",\"font\":\"joshmorefoods:cookbook\",\"color\":\"white\"}                       
                      ]',

                      '[\"\",
                        {\"text\":\"Thank you!\\\\n\\\\n\",\"underlined\":\"true\",\"font\":\"minecraft:default\",\"color\":\"black\"},
                        {\"text\":\" For installing Josh\\'s More Foods datapack!\\\\n\\\\n\",\"font\":\"minecraft:default\",\"color\":\"dark_gray\"},
                        {\"text\":\"Credits\\\\n\\\\n\",\"underlined\":\"true\",\"font\":\"minecraft:default\",\"color\":\"black\"},
                        {\"text\":\" Bonii \",\"font\":\"minecraft:default\",\"color\":\"blue\",\"clickEvent\":{\"action\":\"open_url\",\"value\":\"https://twitter.com/ChalkDev\"},\"hoverEvent\":{\"action\":\"show_text\",\"contents\":[{\"text\":\"Follow on Twitter!\"}]}},
                        {\"text\":\"& Sirenity - sprites\\\\n Unlink - 3D model (via blockbench)\",\"font\":\"minecraft:default\",\"color\":\"dark_gray\"}                       
                      ]',

                      ],
                      title:\"Josh's Cookbook\",author:\"Joshcraft2002\",CustomModelData:480003}"
              },
              {"function": "set_nbt", "tag": "{ctc:{id:'cookbook', from:'joshmats:morefoods', traits:{'item': 1b}}}"}
            ]
          }
        ]
      }
    ]
}