{
    "pools": [
        {
            "rolls": 1,
            "entries": [
                {
                    "type": "item",
                    "weight": 1,
                    "name": "minecraft:item_frame",
                    "functions": [
                        { "function": "set_count", "count": 1 },
                        { "function": "set_nbt", "tag": "{CustomModelData:480001,EntityTag:{Silent:1b,Tags:['joshmats.morefoods.rice_making_station_item'],Item:{id:'minecraft:item_frame',Count:1b,tag:{CustomModelData:480001}},Invulnerable:1b,Invisible:1b,Fixed:1b}}" },
                        { "function": "set_nbt", "tag": "{ctc:{id:'rice_making_station',from:'joshmats:morefoods',traits:{'block':1b}}}"},
                        { "function": "set_name", "name": [{ "text": "Rice Making Station", "italic": false }] }
                    ]
                }
            ]
        }
    ]
}
