{   
    "parent": "jmmf:story/letsgetcooking",
    "display": {
        "icon":{
            "item": "minecraft:wheat",
            "nbt": "{CustomModelData:481001}"
        },
        "title": {
          "translate": "advancements.jmmf.ricemaking.title"
        },
        "description": {
          "translate": "advancements.jmmf.ricemaking.description"
        },
        "hidden": false
    },
    "criteria": {
      "get_rice": {
          "trigger": "minecraft:inventory_changed",
          "conditions": {
            "items": [
              {
                "nbt": "{smithed:{id:'jmmf:rice'}}"
              }
            ]
          }
        }
      }
    
}