{
    "pools": [
        {
            "rolls": 1,
            "entries": [
                {
                    "type": "item",
                    "name": "minecraft:iron_sword",
                    "functions": [
                        {"function": "set_attributes", "modifiers": [
                            {"name": "generic.attack_damage", "attribute": "minecraft:generic.attack_damage", "operation": "addition", "amount": 3, "slot": "mainhand"},
                            {"name": "generic.attack_speed", "attribute": "minecraft:generic.attack_speed", "operation": "addition", "amount": -2, "slot": "mainhand"}
                        ]},
                        {"function": "set_nbt", "tag": "{CustomModelData:481053, jmmf:{knife:1b}, smithed:{id:'jmmf:iron_knife', dict:{tool:{knife:1b}}}, HideFlags:2}" },
                        {"function": "set_name", "name": [{ "translate": "item.jmmf.iron_knife", "italic": false }] },
                        {"function": "set_lore", "lore": [
                            { "text": ""}, 
                            {"translate": "item.modifiers.mainhand", "color": "gray", "italic": false}, 
                            {"translate": "item.jmmf.iron_knife.lore.attack_damage", "color": "dark_green", "italic": false}, 
                            {"translate": "item.jmmf.iron_knife.lore.attack_speed", "color": "dark_green",  "italic": false}
                        ]}
                    ]
                }
            ]
        }
    ]
}
