{
    "pools": [
        {
            "rolls": 1,
            "entries": [
                {
                    "type": "item",
                    "weight": 1,
                    "name": "minecraft:bread",
                    "functions": [
                        { "function": "set_count", "count": 1 },
                        { "function": "set_nbt", "tag": "{CustomModelData:481003}" },
                        { "function": "set_nbt", "tag": "{ctc:{id:'potato_bread',from:'joshmats:morefoods',traits:{'item':1b,'food':1b,'food/bread':1b}}}" },
                        { "function": "set_name", "name": [{ "text": "Potato Bread", "italic": false }] }
                    ]
                }
            ]
        }
    ]
}
