{
    "pools": [
        {
            "rolls": 1,
            "entries": [
                {
                    "type": "item",
                    "name": "minecraft:golden_sword",
                    "functions": [
                        { "function": "set_nbt", "tag": "{CustomModelData:485003,
                            AttributeModifiers:[
                                {AttributeName:\"generic.attack_damage\",Amount:2,Slot:mainhand,Name:\"generic.attack_damage\",UUID:[I;-12187,20244,12938,-40488]},
                                {AttributeName:\"generic.attack_speed\",Amount:-2,Slot:mainhand,Name:\"generic.attack_speed\",UUID:[I;-12187,20344,12938,-40688]}],
                            display:{Lore:[
                                '[{\"text\":\"\"}]',
                                '[{\"text\":\"When in Main Hand:\",\"italic\":false,\"color\":\"gray\"}]',
                                '[{\"text\":\" 3 Attack Damage\",\"italic\":false,\"color\":\"dark_green\"}]',
                                '[{\"text\":\" 2 Attack Speed\",\"italic\":false,\"color\":\"dark_green\"}]']},HideFlags:2}" },
                                { "function": "set_nbt", "tag": "{ctc:{id:'golden_knife', from: 'joshmats:morefoods', traits:{'item':1b,'tool/weapon':1b,'tool/knife':1b}}}"},
                        { "function": "set_name", "name": [{ "text": "Golden Knife", "italic": false }] }
                    ]
                }
            ]
        }
    ]
}
