{
    "pools": [
        {
            "rolls": 1,
            "entries": [
                {
                    "type": "item",
                    "weight": 1,
                    "name": "minecraft:cookie",
                    "functions": [
                        { "function": "set_count", "count": 8 },
                        { "function": "set_nbt", "tag": "{CustomModelData:481100}" },
                        { "function": "set_nbt", "tag": "{smithed:{id:'jmmf:honey_cookie', dict:{food:{cookie:1b}}}}" },
                        { "function": "set_name", "name": [{ "translate": "item.jmmf.honey_cookie", "italic": false }] }
                    ]
                }
            ]
        }
    ]
}
