{
    "pools": [
        {
            "rolls": 1,
            "entries": [
                {
                    "type": "item",
                    "weight": 1,
                    "name": "minecraft:pumpkin_pie",
                    "functions": [
                        { "function": "set_count", "count": 1 },
                        { "function": "set_nbt", "tag": "{CustomModelData:484002}"},
                        { "function": "set_nbt", "tag": "{ctc:{id:'sweet_berry_pie',from:'joshmats:morefoods',traits:{'item':1b,'food':1b,'food/pie':1b}}}" },
                        { "function": "set_name", "name": [{ "text": "Sweet Berry Pie", "italic": false }] }
                    ]
                }
            ]
        }
    ]
}
