{
    "pools": [
        {
            "rolls": 1,
            "entries": [
                {
                    "type": "item",
                    "weight": 1,
                    "name": "minecraft:beetroot_soup",
                    "functions": [
                        { "function": "set_count", "count": 1 },
                        { "function": "set_nbt", "tag": "{CustomModelData:486003}"},
                        { "function": "set_nbt", "tag": "{ctc:{id:'coleslaw',from:'joshmats:morefoods',traits:{'item':1b,'food':1b,'food/salad':1b}}}"},
                        { "function": "set_name", "name": [{ "text": "Coleslaw", "italic": false }] }
                    ]
                }
            ]
        }
    ]
}
