{
    "pools": [
        {
            "rolls": 2,
            "entries": [
                {
                    "type": "item",
                    "weight": 1,
                    "name": "minecraft:beetroot_soup",
                    "functions": [
                        { "function": "set_count", "count": 1 },
                        { "function": "set_nbt", "tag": "{CustomModelData:486002}"},
                        { "function": "set_nbt", "tag": "{ctc:{id:'fish_and_chips',from:'joshmats:morefoods',traits:{'item':1b,'food':1b,'food/seafood':1b}}}" },
                        { "function": "set_name", "name": [{ "text": "Fish and Chips", "italic": false }] }
                    ]
                }
            ]
        }
    ]
}
