[
  {
    "condition": "minecraft:inverted",
    "term": {
      "condition": "minecraft:location_check",
      "predicate": {
        "block": {
          "block": "minecraft:dropper",
          "nbt": "{Items:[{Slot:0b}]}"
        }
      }
    }
  },
  {
    "condition": "minecraft:inverted",
    "term": {
      "condition": "minecraft:location_check",
      "predicate": {
        "block": {
          "block": "minecraft:dropper",
          "nbt": "{Items:[{Slot:1b}]}"
        }
      }
    }
  },
  {
    "condition": "minecraft:inverted",
    "term": {
      "condition": "minecraft:location_check",
      "predicate": {
        "block": {
          "block": "minecraft:dropper",
          "nbt": "{Items:[{Slot:2b}]}"
        }
      }
    }
  },
  {
    "condition": "minecraft:inverted",
    "term": {
      "condition": "minecraft:location_check",
      "predicate": {
        "block": {
          "block": "minecraft:dropper",
          "nbt": "{Items:[{Slot:6b}]}"
        }
      }
    }
  },
  {
    "condition": "minecraft:inverted",
    "term": {
      "condition": "minecraft:location_check",
      "predicate": {
        "block": {
          "block": "minecraft:dropper",
          "nbt": "{Items:[{Slot:8b}]}"
        }
      }
    }
  },
  {
    "condition": "minecraft:location_check",
    "predicate": {
      "block": {
        "block": "minecraft:dropper",
        "nbt": "{Items:[{Slot:4b,id:\"minecraft:egg\"},{Slot:7b,id:\"minecraft:beetroot_soup\",tag:{ctc:{id:'rice_bowl', from:'joshmats:morefoods', traits:{'food/rice_bowl':1b}}}}]}"
      }
    }
  },
  {
    "condition":"minecraft:any_of",
    "terms": [
      {
        "condition": "minecraft:location_check",
        "predicate": {
        "block": {
          "block": "minecraft:dropper",
          "nbt": "{Items:[{Slot:3b,id:\"minecraft:carrot\"},{Slot:5b,id:\"minecraft:potato\"}]}"
          }
        }
      },
      {
        "condition": "minecraft:location_check",
        "predicate": {
        "block": {
          "block": "minecraft:dropper",
          "nbt": "{Items:[{Slot:3b,id:\"minecraft:potato\"},{Slot:5b,id:\"minecraft:carrot\"}]}"
          }
        }
      }
    ]
  }
]