[
  {
    "condition": "minecraft:location_check",
    "predicate": {
      "block": {
        "block": "minecraft:dropper",
        "nbt": "{Items:[{Slot:0b,id:'minecraft:wheat_seeds'},{Slot:1b,id:'minecraft:wheat_seeds'},{Slot:2b,id:'minecraft:wheat_seeds'},{Slot:3b,id:'minecraft:wheat_seeds'},{Slot:4b,id:'minecraft:wheat_seeds'},{Slot:5b,id:'minecraft:wheat_seeds'},{Slot:6b,id:'minecraft:wheat_seeds'},{Slot:7b,id:'minecraft:water_bucket'},{Slot:8b,id:'minecraft:wheat_seeds'}]}"
      }
    }
  }
]