[
  {
    "condition": "minecraft:inverted",
    "term": {
      "condition": "minecraft:location_check",
      "predicate": {
        "block": {
          "block": "minecraft:dropper",
          "nbt": "{Items:[{Slot:0b}]}"
        }
      }
    }
  },
  {
    "condition": "minecraft:inverted",
    "term": {
      "condition": "minecraft:location_check",
      "predicate": {
        "block": {
          "block": "minecraft:dropper",
          "nbt": "{Items:[{Slot:2b}]}"
        }
      }
    }
  },
  {
    "condition": "minecraft:inverted",
    "term": {
      "condition": "minecraft:location_check",
      "predicate": {
        "block": {
          "block": "minecraft:dropper",
          "nbt": "{Items:[{Slot:3b}]}"
        }
      }
    }
  },
  {
    "condition": "minecraft:inverted",
    "term": {
      "condition": "minecraft:location_check",
      "predicate": {
        "block": {
          "block": "minecraft:dropper",
          "nbt": "{Items:[{Slot:5b}]}"
        }
      }
    }
  },
  {
    "condition": "minecraft:inverted",
    "term": {
      "condition": "minecraft:location_check",
      "predicate": {
        "block": {
          "block": "minecraft:dropper",
          "nbt": "{Items:[{Slot:6b}]}"
        }
      }
    }
  },
  {
    "condition": "minecraft:inverted",
    "term": {
      "condition": "minecraft:location_check",
      "predicate": {
        "block": {
          "block": "minecraft:dropper",
          "nbt": "{Items:[{Slot:8b}]}"
        }
      }
    }
  },
  {
    "condition": "minecraft:location_check",
    "predicate": {
      "block": {
        "block": "minecraft:dropper",
        "nbt": "{Items:[{Slot:1b,tag:{ctc:{traits:{'food/rice':1b}}}},{Slot:4b,tag:{ctc:{traits:{'food/rice':1b}}}},{Slot:7b,id:'minecraft:bowl'}]}"
      }
    }
  }
]