{   
    "parent": "joshmats:morefoods/story/ricemaking",
    "display": {
        "icon":{
            "item": "minecraft:bread",
            "nbt": "{CustomModelData:481003}"
        },
        "title":"Gluten Tag",
        "description": "Craft some bread",
        "hidden": "false"
    },
    "criteria": {
        "bread": {
          "trigger": "minecraft:inventory_changed",
          "conditions": {
            "items": [
              {
                "nbt": "{ctc:{from:'joshmats:morefoods',traits:{'food/bread':1b}}}"
              }
            ]
          }
        }
      },
      "requirements": [
        [
            "bread"
        ]
    ]
    
}