{   
    "parent": "joshmats:morefoods/story/start",
    "display": {
        "icon":{
            "item": "minecraft:written_book",
            "nbt": "{CustomModelData:480003}"
        },
        "title":"Let's Get Cooking!",
        "description": "Craft Josh's Cookbook with Bread and a Book and Quill",
        "hidden": "false",
        "frame": "goal"
    },
    "criteria": {
        "bread_book": {
          "trigger": "minecraft:inventory_changed",
          "conditions": {
            "items": [
              {
                "nbt": "{ctc:{id:'cookbook',from:'joshmats:morefoods'}}"
              }
            ]
          }
        }
      }
    
}