{   
    "parent": "joshmats:morefoods/story/ricemaking",
    "display": {
        "icon":{
            "item": "minecraft:cookie",
            "nbt": "{CustomModelData:483002}"
        },
        "title":"C is for Cookie",
        "description": "Craft a cookie",
        "hidden": "false"
    },
    "criteria": {
        "bread": {
          "trigger": "minecraft:inventory_changed",
          "conditions": {
            "items": [
              {
                "nbt": "{ctc:{from:'joshmats:morefoods',traits:{'food/cookie':1b}}}"
              }
            ]
          }
        }
      },
      "requirements": [
        [
            "bread"
        ]
    ]
    
}