{   
    "parent": "joshmats:morefoods/story/cookie",
    "display": {
        "icon":{
            "item": "minecraft:suspicious_stew",
            "nbt": "{CustomModelData:487001}"
        },
        "title":"Sweet Tooth",
        "description": "Make a sweet dessert",
        "hidden": "false"
    },
    "criteria": {
        "dessert": {
          "trigger": "minecraft:inventory_changed",
          "conditions": {
            "items": [
              {
                "nbt": "{ctc:{from:'joshmats:morefoods',traits:{'food/dessert':1b}}}"
              }
            ]
          }
        }
      },
      "requirements": [
        [
            "dessert"
        ]
    ]
    
}