{   
    "parent": "joshmats:morefoods/story/slicendice",
    "display": {
        "icon":{
            "item": "minecraft:netherite_sword",
            "nbt": "{CustomModelData:485006}"
        },
        "title":"Knives to Meet You",
        "description": "Have every type of knife in your inventory",
        "frame": "challenge"
    },
    "criteria": {
        "all_knives": {
          "trigger": "minecraft:inventory_changed",
          "conditions": {
            "items": [
              {
                "nbt": "{ctc:{id:'wooden_knife', from:'joshmats:morefoods'}}"
              },
              {
                "nbt": "{ctc:{id:'stone_knife', from:'joshmats:morefoods'}}"
              },
              {
                "nbt": "{ctc:{id:'golden_knife', from:'joshmats:morefoods'}}"
              },
              {
                "nbt": "{ctc:{id:'iron_knife', from:'joshmats:morefoods'}}"
              },
              {
                "nbt": "{ctc:{id:'diamond_knife', from:'joshmats:morefoods'}}"
              },
              {
                "nbt": "{ctc:{id:'netherite_knife', from:'joshmats:morefoods'}}"
              }
            ]
          }
        }
      },
      "requirements": [
        [
            "all_knives"
        ]
    ],
      "rewards": {
        "experience": 50
    }
    
}