{   
    "parent": "joshmats:morefoods/story/cookbook",
    "display": {
        "icon":{
            "item": "minecraft:pumpkin_pie",
            "nbt": "{CustomModelData:484002}"
        },
        "title":"Pie Flavor",
        "description": "Craft a pie",
        "hidden": "false"
    },
    "criteria": {
        "pie": {
          "trigger": "minecraft:inventory_changed",
          "conditions": {
            "items": [
              {
                "nbt": "{ctc:{from:'joshmats:morefoods',traits:{'food/pie':1b}}}"
              }
            ]
          }
        }
      },
      "requirements": [
        [
            "pie"
        ]
    ]
    
}