{   
    "parent": "joshmats:morefoods/story/cookbook",
    "display": {
        "icon":{
            "item": "minecraft:wheat",
            "nbt": "{CustomModelData:480002}"
        },
        "title":"Rice Making",
        "description": "Cook some rice at a rice making station",
        "hidden": "false"
    },
    "criteria": {
        "make_rice": {
          "trigger": "minecraft:inventory_changed",
          "conditions": {
            "items": [
              {
                "nbt": "{ctc:{id:'rice', from:'joshmats:morefoods'}}"
              }
            ]
          }
        }
      }
    
}