{   
    "parent": "joshmats:morefoods/story/cookbook",
    "display": {
        "icon":{
            "item": "minecraft:beetroot_soup",
            "nbt": "{CustomModelData:486005}"
        },
        "title":"Healthy Eating",
        "description": "Make a salad",
        "hidden": "false"
    },
    "criteria": {
        "salad": {
          "trigger": "minecraft:inventory_changed",
          "conditions": {
            "items": [
              {
                "nbt": "{ctc:{from:'joshmats:morefoods',traits:{'food/salad':1b}}}"
              }
            ]
          }
        }
      },
      "requirements": [
        [
            "salad"
        ]
    ]
    
}