{   
    "parent": "joshmats:morefoods/story/start",
    "display": {
        "icon":{
            "item": "minecraft:iron_sword",
            "nbt": "{CustomModelData:485004}"
        },
        "title":"Slice n' Dice",
        "description": "Craft your first knife",
        "hidden": "false"
    },
    "criteria": {
        "bread_book": {
          "trigger": "minecraft:inventory_changed",
          "conditions": {
            "items": [
              {
                "nbt": "{ctc:{from:'joshmats:morefoods', traits:{'tool/knife':1b}}}"
              }
            ]
          }
        }
      }
    
}