{   
    "display": {
        "icon":{
            "item": "minecraft:bread",
            "nbt": "{CustomModelData:481001}"
        },
        "title":"More Foods",
        "description": "So many foods await...",
        "background": "minecraft:textures/block/obsidian.png",
        "hidden": "false",
        "show_toast": "false",
        "announce_to_chat": "false"
    }, 
    "criteria": {
        "start": {
          "trigger": "minecraft:inventory_changed",
          "conditions": {
            "items": [
            ]
          }
        }
      }
}