{
    "pools": [
        {
            "rolls": 1,
            "entries": [
                {
                    "type": "item",
                    "weight": 1,
                    "name": "minecraft:furnace",
                    "functions": [
                        { "function": "set_count", "count": 1 },
                        { "function": "set_nbt", "tag": "{smithed:{id:'jmmf:cooking_station', ignore: {functionality: 1b, crafting:1b}}, CustomModelData:480900,BlockEntityTag:{Items:[{id:\"minecraft:stone\",Count:1b,Slot:0b,tag:{smithed:{block:{id:\"jmmf:cooking_station\"}}}}]}}"},               
                        { "function": "set_name", "name": [{ "translate": "block.jmmf.cooking_station", "italic": false }] }
                    ]
                }
            ]
        }
    ]
}
