{
    "pools": [
        {
            "rolls": 1,
            "entries": [
                {
                    "type": "item",
                    "weight": 1,
                    "name": "minecraft:cooked_salmon",
                    "functions": [
                        { "function": "set_count", "count": 1 },
                        { "function": "set_nbt", "tag": "{CustomModelData:482001}" },
                        { "function": "set_nbt", "tag": "{ctc:{id:'sweet_roll',from:'joshmats:morefoods',traits:{'item':1b,'food':1b,'food/dessert':1b}}}" },
                        { "function": "set_name", "name": [{ "text": "Sweet Roll", "italic": false }] }
                    ]
                }
            ]
        }
    ]
}
