{
    "parent": "item/generated",
    "textures": {
        "layer0": "item/cookie"
    },
    "overrides": [
        
        { "predicate": { "custom_model_data": 481002 }, "model": "jmmf:item/rice_bowl" },
        { "predicate": { "custom_model_data": 481003 }, "model": "jmmf:item/pie_crust" },
        { "predicate": { "custom_model_data": 481006 }, "model": "jmmf:item/boiled_egg" },
        { "predicate": { "custom_model_data": 481007 }, "model": "jmmf:item/fried_egg" },

        { "predicate": { "custom_model_data": 481100 }, "model": "jmmf:item/cookie/honey_cookie" },
        { "predicate": { "custom_model_data": 481101 }, "model": "jmmf:item/cookie/sugar_cookie" },
        { "predicate": { "custom_model_data": 481102 }, "model": "jmmf:item/cookie/sweet_berry_cookie" },

        { "predicate": { "custom_model_data": 481160 }, "model": "jmmf:item/salad/coleslaw" },
        { "predicate": { "custom_model_data": 481161 }, "model": "jmmf:item/salad/potato_salad" },
        { "predicate": { "custom_model_data": 481162 }, "model": "jmmf:item/salad/vegetable_salad" },
        { "predicate": { "custom_model_data": 481163 }, "model": "jmmf:item/salad/fleshy_salad" },
        { "predicate": { "custom_model_data": 481164 }, "model": "jmmf:item/salad/fruit_salad" },

        { "predicate": { "custom_model_data": 481220 }, "model": "jmmf:item/ice_cream/apple_ice_cream" },
        { "predicate": { "custom_model_data": 481221 }, "model": "jmmf:item/ice_cream/chocolate_ice_cream" },
        { "predicate": { "custom_model_data": 481222 }, "model": "jmmf:item/ice_cream/melon_ice_cream" },
        { "predicate": { "custom_model_data": 481223 }, "model": "jmmf:item/ice_cream/pumpkin_ice_cream" },

        { "predicate": { "custom_model_data": 481250 }, "model": "jmmf:item/fish_and_chips" },

        { "predicate": { "custom_model_data": 481300 }, "model": "jmmf:item/rice_meal/fried_rice" },
        { "predicate": { "custom_model_data": 481301 }, "model": "jmmf:item/rice_meal/champorado" },

        { "predicate": { "custom_model_data": 481330 }, "model": "jmmf:item/doughnut/black_forest_doughnut" },
        { "predicate": { "custom_model_data": 481331 }, "model": "jmmf:item/doughnut/chocolate_doughnut" },
        { "predicate": { "custom_model_data": 481332 }, "model": "jmmf:item/doughnut/sugar_doughnut" },

        { "predicate": { "custom_model_data": 481360 }, "model": "jmmf:item/tea/sweet_berry_tea" },
        { "predicate": { "custom_model_data": 481361 }, "model": "jmmf:item/tea/cornflower_tea" },
        { "predicate": { "custom_model_data": 481362 }, "model": "jmmf:item/tea/dandelion_tea" },
        { "predicate": { "custom_model_data": 481363 }, "model": "jmmf:item/tea/green_tea" },
        { "predicate": { "custom_model_data": 481364 }, "model": "jmmf:item/tea/rose_tea" },
        { "predicate": { "custom_model_data": 481365 }, "model": "jmmf:item/tea/spruce_tea" },
        { "predicate": { "custom_model_data": 481366 }, "model": "jmmf:item/tea/sakura_tea" }
    ]
}