{   
    "criteria": {
        "upgrade_knife": {
          "trigger": "minecraft:inventory_changed",
          "conditions": {
            "items": [
              {
                "items": [
                  "minecraft:netherite_sword"
                ],
                "nbt": "{ctc:{id:'diamond_knife', from:'joshmats:morefoods'}}"
              }
            ]
          }
        }
      },
      "requirements": [
        [
            "upgrade_knife"
        ]
    ],
    "rewards": {
        "loot": [
            "joshmats:morefoods/sword/netherite_knife"
        ],
	    "function": "joshmats:morefoods/sword/upgrade_knife"
    }
    
}