{
    "pools": [
        {
            "rolls": 1,
            "entries": [
                {
                    "type": "item",
                    "weight": 1,
                    "name": "minecraft:cookie",
                    "functions": [
                        { "function": "set_count", "count": 1 },
                        { "function": "set_nbt", "tag": "{smithed:{id:'jmmf:boiled_egg', dict:{food:{boiled_egg:1b}}, ignore: {functionality: 1b, crafting:1b}}, CustomModelData:481006}" },
                        { "function": "set_name", "name": [{ "translate": "item.jmmf.boiled_egg", "italic": false }] }
                    ]
                }
            ]
        }
    ]
}
