{
    "pools": [
        {
            "rolls": 1,
            "entries": [
                {
                    "type": "item",
                    "weight": 1,
                    "name": "minecraft:cookie",
                    "functions": [
                        { "function": "set_count", "count": 1 },
                        { "function": "set_nbt", "tag": "{smithed:{id:'jmmf:champorado', dict:{food:{}}, ignore: {functionality: 1b, crafting:1b}}, CustomModelData:481301}" },
                        { "function": "set_name", "name": [{ "translate": "item.jmmf.champorado", "italic": false }] }
                    ]
                }
            ]
        }
    ]
}
