{
    "pools": [
        {
            "rolls": 1,
            "entries": [
                {
                    "type": "item",
                    "weight": 1,
                    "name": "minecraft:pumpkin_pie",
                    "functions": [
                        { "function": "set_count", "count": 1 },
                        { "function": "set_nbt", "tag": "{smithed:{id: 'jmmf:chicken_pot_pie', dict:{food:{pie:1b}}, ignore: {functionality: 1b, crafting:1b}}, CustomModelData: 481133}" },
                        { "function": "set_name", "name": [{ "translate": "item.jmmf.chicken_pot_pie", "italic": false }] }
                    ]
                }
            ]
        }
    ]
}
