{
    "pools": [
      {
        "rolls": 1,
        "entries": [
          {
            "type": "item",
            "name": "minecraft:written_book",
            "functions": [
              {"function": "set_nbt", "tag": "{pages: [ '[ {\"text\":\"\\\\n\\\\n\\\\n\\\\n\\\\n\\\\n\\\\n\\\\n\\\\n\"}, {\"text\":\"   \uF901\",\"font\":\"jmmf:cookbook\",\"color\":\"white\"}, {\"text\":\"\\\\n\"}, {\"translate\":\"item.jmmf.cookbook.title\"}, {\"text\":\"\\\\n          v4.0.0\\\\n\"}, {\"translate\":\"item.jmmf.cookbook.datapackcredits\",\"color\":\"blue\",\"clickEvent\":{\"action\":\"change_page\",\"value\":40},\"hoverEvent\":{\"action\":\"show_text\",\"contents\":[{\"translate\":\"item.jmmf.cookbook.datapackcredits.hover\"}]}} ]', '[\"\", {\"translate\":\"item.jmmf.cookbook.contents\",\"underlined\":\"true\"}, {\"text\":\"\\\\n\uF900 \",\"font\":\"jmmf:cookbook\",\"color\":\"white\"}, {\"translate\":\"block.jmmf.cooking_station\",\"clickEvent\":{\"action\":\"change_page\",\"value\":3},\"hoverEvent\":{\"action\":\"show_text\",\"contents\":[{\"translate\":\"item.jmmf.cookbook.cooking.skip\"}]}}, {\"text\":\"\\\\n\uF053 \",\"font\":\"jmmf:cookbook\",\"color\":\"white\"}, {\"translate\":\"item.jmmf.cookbook.knives\",\"clickEvent\":{\"action\":\"change_page\",\"value\":8},\"hoverEvent\":{\"action\":\"show_text\",\"contents\":[{\"translate\":\"item.jmmf.cookbook.knives.skip\"}]}}, {\"text\":\"\\\\n\uF001 \",\"font\":\"jmmf:cookbook\",\"color\":\"white\"}, {\"translate\":\"item.jmmf.rice\",\"clickEvent\":{\"action\":\"change_page\",\"value\":9},\"hoverEvent\":{\"action\":\"show_text\",\"contents\":[{\"translate\":\"item.jmmf.cookbook.rice.skip\"}]}}, {\"text\":\"\\\\n\uF363 \",\"font\":\"jmmf:cookbook\",\"color\":\"white\"}, {\"translate\":\"item.jmmf.cookbook.tea\",\"clickEvent\":{\"action\":\"change_page\",\"value\":12},\"hoverEvent\":{\"action\":\"show_text\",\"contents\":[{\"translate\":\"item.jmmf.cookbook.tea.skip\"}]}}, {\"text\":\"\\\\n\uF070 \",\"font\":\"jmmf:cookbook\",\"color\":\"white\"}, {\"translate\":\"item.jmmf.cookbook.bread\",\"clickEvent\":{\"action\":\"change_page\",\"value\":19},\"hoverEvent\":{\"action\":\"show_text\",\"contents\":[{\"translate\":\"item.jmmf.cookbook.bread.skip\"}]}}, {\"text\":\"\\\\n\uF100 \",\"font\":\"jmmf:cookbook\",\"color\":\"white\"}, {\"translate\":\"item.jmmf.cookbook.cookies\",\"clickEvent\":{\"action\":\"change_page\",\"value\":22},\"hoverEvent\":{\"action\":\"show_text\",\"contents\":[{\"translate\":\"item.jmmf.cookbook.cookies.skip\"}]}}, {\"text\":\"\\\\n\uF132 \",\"font\":\"jmmf:cookbook\",\"color\":\"white\"}, {\"translate\":\"item.jmmf.cookbook.pies\",\"clickEvent\":{\"action\":\"change_page\",\"value\":24},\"hoverEvent\":{\"action\":\"show_text\",\"contents\":[{\"translate\":\"item.jmmf.cookbook.pies.skip\"}]}}, {\"text\":\"\\\\n\uF330 \",\"font\":\"jmmf:cookbook\",\"color\":\"white\"}, {\"translate\":\"item.jmmf.cookbook.doughnuts\",\"clickEvent\":{\"action\":\"change_page\",\"value\":28},\"hoverEvent\":{\"action\":\"show_text\",\"contents\":[{\"translate\":\"item.jmmf.cookbook.doughnuts.skip\"}]}}, {\"text\":\"\\\\n\uF160 \",\"font\":\"jmmf:cookbook\",\"color\":\"white\"}, {\"translate\":\"item.jmmf.cookbook.salad\",\"clickEvent\":{\"action\":\"change_page\",\"value\":30},\"hoverEvent\":{\"action\":\"show_text\",\"contents\":[{\"translate\":\"item.jmmf.cookbook.salad.skip\"}]}}, {\"text\":\"\\\\n\uF220 \",\"font\":\"jmmf:cookbook\",\"color\":\"white\"}, {\"translate\":\"item.jmmf.cookbook.ice_cream\",\"clickEvent\":{\"action\":\"change_page\",\"value\":34},\"hoverEvent\":{\"action\":\"show_text\",\"contents\":[{\"translate\":\"item.jmmf.cookbook.ice_cream.skip\"}]}}, {\"text\":\"\\\\n\uF250 \",\"font\":\"jmmf:cookbook\",\"color\":\"white\"}, {\"translate\":\"item.jmmf.cookbook.other\",\"clickEvent\":{\"action\":\"change_page\",\"value\":37},\"hoverEvent\":{\"action\":\"show_text\",\"contents\":[{\"translate\":\"item.jmmf.cookbook.other.skip\"}]}}, {\"text\":\"\\\\n\uF923 \",\"font\":\"jmmf:cookbook\",\"color\":\"white\"}, {\"translate\":\"item.jmmf.cookbook.nutritionbook\",\"clickEvent\":{\"action\":\"change_page\",\"value\":40},\"hoverEvent\":{\"action\":\"show_text\",\"contents\":[{\"translate\":\"item.jmmf.cookbook.nutritionbook.skip\"}]}} ]', '[\"\", {\"text\":\"\uF900\",\"font\":\"jmmf:cookbook\",\"color\":\"white\"}, {\"text\":\" | \"}, {\"translate\":\"block.jmmf.cooking_station\",\"underlined\":\"true\"}, {\"text\":\"\\\\n\\\\n\uE900\\\\n\\\\n\\\\n\\\\n\\\\n\\\\n\",\"font\":\"jmmf:cookbook\",\"color\":\"white\"}, {\"translate\":\"item.jmmf.cookbook.cooking.desc_1\",\"color\":\"dark_gray\"} ]', '[\"\", {\"text\":\"\uF900\",\"font\":\"jmmf:cookbook\",\"color\":\"white\"}, {\"text\":\" | \"}, {\"translate\":\"block.jmmf.cooking_station\",\"underlined\":\"true\"}, {\"text\":\"\\\\n\\\\n\uE901\\\\n\\\\n\\\\n\\\\n\\\\n\",\"font\":\"jmmf:cookbook\",\"color\":\"white\"}, {\"translate\":\"item.jmmf.cookbook.cooking.desc_2\",\"color\":\"dark_gray\"} ]', '[\"\", {\"text\":\"\uF900\",\"font\":\"jmmf:cookbook\",\"color\":\"white\"}, {\"text\":\" | \"}, {\"translate\":\"block.jmmf.cooking_station\",\"underlined\":\"true\"}, {\"text\":\"\\\\n\\\\n\uE902\\\\n\\\\n\\\\n\\\\n\\\\n\",\"font\":\"jmmf:cookbook\",\"color\":\"white\"}, {\"translate\":\"item.jmmf.cookbook.cooking.desc_3\",\"color\":\"dark_gray\"} ]', '[\"\", {\"text\":\"\uF900\",\"font\":\"jmmf:cookbook\",\"color\":\"white\"}, {\"text\":\" | \"}, {\"translate\":\"block.jmmf.cooking_station\",\"underlined\":\"true\"}, {\"text\":\"\\\\n\\\\n\uE904\\\\n\\\\n\\\\n\\\\n\\\\n\\\\n\\\\n\",\"font\":\"jmmf:cookbook\",\"color\":\"white\"}, {\"translate\":\"item.jmmf.cookbook.cooking.desc_4\",\"color\":\"dark_gray\"} ]', '[\"\", {\"text\":\"\uF900\",\"font\":\"jmmf:cookbook\",\"color\":\"white\"}, {\"text\":\" | \"}, {\"translate\":\"block.jmmf.cooking_station\",\"underlined\":\"true\"}, {\"text\":\"\\\\n\\\\n\uE903\\\\n\\\\n\\\\n\\\\n\\\\n\",\"font\":\"jmmf:cookbook\",\"color\":\"white\"}, {\"translate\":\"item.jmmf.cookbook.cooking.desc_5\",\"color\":\"dark_gray\"} ]', '[\"\", {\"text\":\"\uF053\",\"font\":\"jmmf:cookbook\",\"color\":\"white\"}, {\"text\":\" | \"}, {\"translate\":\"item.jmmf.cookbook.knives\",\"underlined\":\"true\"}, {\"text\":\"\\\\n\\\\n\uE053\\\\n\\\\n\\\\n\\\\n\\\\n\\\\n\",\"font\":\"jmmf:cookbook\",\"color\":\"white\"}, {\"translate\":\"item.jmmf.cookbook.knives.desc\",\"color\":\"dark_gray\"} ]', '[\"\", {\"text\":\"\uF001\",\"font\":\"jmmf:cookbook\",\"color\":\"white\"}, {\"text\":\" | \"}, {\"translate\":\"item.jmmf.rice\",\"underlined\":\"true\"}, {\"text\":\"\\\\n\\\\n\uE001\\\\n\\\\n\\\\n\\\\n\\\\n\",\"font\":\"jmmf:cookbook\",\"color\":\"white\"}, {\"translate\":\"item.jmmf.cookbook.requires_water\",\"color\":\"#3F76E4\"}, {\"translate\":\"item.jmmf.cookbook.rice.desc\",\"color\":\"dark_gray\"} ]', '[\"\", {\"text\":\"\uF002\",\"font\":\"jmmf:cookbook\",\"color\":\"white\"}, {\"text\":\" | \"}, {\"translate\":\"item.jmmf.rice_bowl\"}, {\"text\":\"\\\\n\\\\n \uE002\\\\n\\\\n\\\\n\\\\n\",\"font\":\"jmmf:cookbook\",\"color\":\"white\"}, {\"translate\":\"item.jmmf.cookbook.rice_meals.space_1\"}, {\"text\":\"\uF300\",\"font\":\"jmmf:cookbook\",\"color\":\"white\"}, {\"text\":\" | \"}, {\"translate\":\"item.jmmf.fried_rice\"}, {\"text\":\"\\\\n\\\\n \uE300\",\"font\":\"jmmf:cookbook\",\"color\":\"white\"} ]', '[\"\", {\"text\":\"\uF301\",\"font\":\"jmmf:cookbook\",\"color\":\"white\"}, {\"text\":\" | \"}, {\"translate\":\"item.jmmf.champorado\"}, {\"text\":\"\\\\n\\\\n \uE301\",\"font\":\"jmmf:cookbook\",\"color\":\"white\"} ]', '[\"\", {\"text\":\"\uF363\",\"font\":\"jmmf:cookbook\",\"color\":\"white\"}, {\"text\":\" | \"}, {\"translate\":\"item.jmmf.cookbook.tea\",\"underlined\":\"true\"}, {\"text\":\"\\\\n\\\\n\uE960\\\\n\\\\n\\\\n\\\\n\\\\n\\\\n\",\"font\":\"jmmf:cookbook\",\"color\":\"white\"}, {\"translate\":\"item.jmmf.cookbook.tea.desc_1\",\"color\":\"dark_gray\"}, {\"translate\":\"item.jmmf.cookbook.tea.desc_2\",\"color\":\"#D15EAE\"}, {\"translate\":\"item.jmmf.cookbook.requires_water_all\",\"color\":\"blue\"} ]', '[\"\", {\"text\":\"\uF005\",\"font\":\"jmmf:cookbook\",\"color\":\"white\"}, {\"text\":\" | \"}, {\"translate\":\"item.jmmf.tea_leaves\",\"color\":\"black\"}, {\"text\":\"\\\\n\\\\n\uE005\\\\n\\\\n\\\\n\\\\n\",\"font\":\"jmmf:cookbook\",\"color\":\"white\"}, {\"translate\":\"item.jmmf.cookbook.tea_leaves.desc\",\"color\":\"dark_gray\"} ]', '[\"\", {\"text\":\"\uF004\",\"font\":\"jmmf:cookbook\",\"color\":\"white\"}, {\"text\":\" | \"}, {\"translate\":\"item.jmmf.teacup\"}, {\"text\":\"\\\\n\\\\n\uE004\\\\n\\\\n\\\\n\\\\n\\\\n\\\\n\",\"font\":\"jmmf:cookbook\",\"color\":\"white\"}, {\"translate\":\"item.jmmf.cookbook.teacup.desc\",\"color\":\"dark_gray\"} ]', '[\"\", {\"text\":\"\uF360\",\"font\":\"jmmf:cookbook\",\"color\":\"white\"}, {\"text\":\" | \"}, {\"translate\":\"item.jmmf.sweet_berry_tea\"}, {\"text\":\"\\\\n\\\\n \uE360\\\\n\\\\n\\\\n\\\\n\",\"font\":\"jmmf:cookbook\",\"color\":\"white\"}, {\"translate\":\"item.jmmf.cookbook.tea.space_1\"}, {\"text\":\"\uF361\",\"font\":\"jmmf:cookbook\",\"color\":\"white\"}, {\"text\":\" | \"}, {\"translate\":\"item.jmmf.cornflower_tea\"}, {\"text\":\"\\\\n\\\\n \uE361\",\"font\":\"jmmf:cookbook\",\"color\":\"white\"} ]', '[\"\", {\"text\":\"\uF362\",\"font\":\"jmmf:cookbook\",\"color\":\"white\"}, {\"text\":\" | \"}, {\"translate\":\"item.jmmf.dandelion_tea\"}, {\"text\":\"\\\\n\\\\n \uE362\\\\n\\\\n\\\\n\\\\n\",\"font\":\"jmmf:cookbook\",\"color\":\"white\"}, {\"translate\":\"item.jmmf.cookbook.tea.space_2\"}, {\"text\":\"\uF363\",\"font\":\"jmmf:cookbook\",\"color\":\"white\"}, {\"text\":\" | \"}, {\"translate\":\"item.jmmf.green_tea\"}, {\"text\":\"\\\\n\\\\n \uE363\",\"font\":\"jmmf:cookbook\",\"color\":\"white\"} ]', '[\"\", {\"text\":\"\uF364\",\"font\":\"jmmf:cookbook\",\"color\":\"white\"}, {\"text\":\" | \"}, {\"translate\":\"item.jmmf.rose_tea\"}, {\"text\":\"\\\\n\\\\n \uE364\\\\n\\\\n\\\\n\\\\n\",\"font\":\"jmmf:cookbook\",\"color\":\"white\"}, {\"translate\":\"item.jmmf.cookbook.tea.space_3\"}, {\"text\":\"\uF365\",\"font\":\"jmmf:cookbook\",\"color\":\"white\"}, {\"text\":\" | \"}, {\"translate\":\"item.jmmf.spruce_tea\"}, {\"text\":\"\\\\n\\\\n \uE365\uF902\uE965\",\"font\":\"jmmf:cookbook\",\"color\":\"white\"} ]', '[\"\", {\"text\":\"\uF366\",\"font\":\"jmmf:cookbook\",\"color\":\"white\"}, {\"text\":\" | \"}, {\"translate\":\"item.jmmf.sakura_tea\"}, {\"text\":\"\\\\n\\\\n \uE366\",\"font\":\"jmmf:cookbook\",\"color\":\"white\"} ]', '[\"\", {\"text\":\"\uF070\",\"font\":\"jmmf:cookbook\",\"color\":\"white\"}, {\"text\":\" | \"}, {\"translate\":\"item.jmmf.cookbook.bread\",\"underlined\":\"true\"}, {\"text\":\"\\\\n\"}, {\"translate\":\"item.jmmf.cookbook.bread.desc\",\"color\":\"dark_gray\"}, {\"text\":\"\\\\n\uF071\",\"font\":\"jmmf:cookbook\",\"color\":\"white\"}, {\"text\":\" | \"}, {\"translate\":\"item.jmmf.beetroot_bread\"}, {\"text\":\"\\\\n\\\\n \uE071\",\"font\":\"jmmf:cookbook\",\"color\":\"white\"} ]', '[\"\", {\"text\":\"\uF072\",\"font\":\"jmmf:cookbook\",\"color\":\"white\"}, {\"text\":\" | \"}, {\"translate\":\"item.jmmf.potato_bread\"}, {\"text\":\"\\\\n\\\\n \uE072\\\\n\\\\n\\\\n\\\\n\",\"font\":\"jmmf:cookbook\",\"color\":\"white\"}, {\"translate\":\"item.jmmf.cookbook.bread.space_1\"}, {\"text\":\"\uF070\",\"font\":\"jmmf:cookbook\",\"color\":\"white\"}, {\"text\":\" | \"}, {\"translate\":\"item.jmmf.carrot_bread\"}, {\"text\":\"\\\\n\\\\n \uE070\",\"font\":\"jmmf:cookbook\",\"color\":\"white\"} ]', '[\"\", {\"text\":\"\uF073\",\"font\":\"jmmf:cookbook\",\"color\":\"white\"}, {\"text\":\" | \"}, {\"translate\":\"item.jmmf.sweet_roll\"}, {\"text\":\"\\\\n\\\\n \uE073\\\\n\\\\n\\\\n\\\\n\",\"font\":\"jmmf:cookbook\",\"color\":\"white\"}, {\"translate\":\"item.jmmf.cookbook.bread.space_2\"}, {\"text\":\"\uF074\",\"font\":\"jmmf:cookbook\",\"color\":\"white\"}, {\"text\":\" | \"}, {\"translate\":\"item.jmmf.bagel\"}, {\"text\":\"\\\\n\\\\n \uE074\",\"font\":\"jmmf:cookbook\",\"color\":\"white\"} ]', '[\"\", {\"text\":\"\uF100\",\"font\":\"jmmf:cookbook\",\"color\":\"white\"}, {\"text\":\" | \"}, {\"translate\":\"item.jmmf.honey_cookie\"}, {\"text\":\"\\\\n\\\\n \uE100\\\\n\\\\n\\\\n\\\\n\",\"font\":\"jmmf:cookbook\",\"color\":\"white\"}, {\"translate\":\"item.jmmf.cookbook.cookies.space_1\"}, {\"text\":\"\uF101\",\"font\":\"jmmf:cookbook\",\"color\":\"white\"}, {\"text\":\" | \"}, {\"translate\":\"item.jmmf.sugar_cookie\"}, {\"text\":\"\\\\n\\\\n \uE101\",\"font\":\"jmmf:cookbook\",\"color\":\"white\"} ]', '[\"\", {\"text\":\"\uF102\",\"font\":\"jmmf:cookbook\",\"color\":\"white\"}, {\"text\":\" | \"}, {\"translate\":\"item.jmmf.sweet_berry_cookie\",\"color\":\"black\"}, {\"text\":\"\\\\n\\\\n \uE102\",\"font\":\"jmmf:cookbook\",\"color\":\"white\"} ]', '[\"\", {\"text\":\"\uF132\",\"font\":\"jmmf:cookbook\",\"color\":\"white\"}, {\"text\":\" | \"}, {\"translate\":\"item.jmmf.cookbook.pies\",\"underlined\":\"true\"}, {\"text\":\"\\\\n\"}, {\"translate\":\"item.jmmf.cookbook.pies.desc\",\"color\":\"dark_gray\"}, {\"text\":\"\\\\n\uF003\",\"font\":\"jmmf:cookbook\",\"color\":\"white\"}, {\"text\":\" | \"}, {\"translate\":\"item.jmmf.pie_crust\"}, {\"text\":\"\\\\n\\\\n \uE003\",\"font\":\"jmmf:cookbook\",\"color\":\"white\"} ]', '[\"\", {\"text\":\"\uF130\",\"font\":\"jmmf:cookbook\",\"color\":\"white\"}, {\"text\":\" | \"}, {\"translate\":\"item.jmmf.apple_pie\"}, {\"text\":\"\\\\n\\\\n \uE130\\\\n\\\\n\\\\n\\\\n\",\"font\":\"jmmf:cookbook\",\"color\":\"white\"}, {\"translate\":\"item.jmmf.cookbook.pies.space_1\"}, {\"text\":\"\uF131\",\"font\":\"jmmf:cookbook\",\"color\":\"white\"}, {\"text\":\" | \"}, {\"translate\":\"item.jmmf.carrot_pie\"}, {\"text\":\"\\\\n\\\\n \uE131\",\"font\":\"jmmf:cookbook\",\"color\":\"white\"} ]', '[\"\", {\"text\":\"\uF132\",\"font\":\"jmmf:cookbook\",\"color\":\"white\"}, {\"text\":\" | \"}, {\"translate\":\"item.jmmf.sweet_berry_pie\",\"color\":\"black\"}, {\"text\":\"\\\\n\\\\n \uE132\\\\n\\\\n\\\\n\\\\n\",\"font\":\"jmmf:cookbook\",\"color\":\"white\"}, {\"translate\":\"item.jmmf.cookbook.pies.space_2\"}, {\"text\":\"\uF134\",\"font\":\"jmmf:cookbook\",\"color\":\"white\"}, {\"text\":\" | \"}, {\"translate\":\"item.jmmf.shepherds_pie\",\"color\":\"black\"}, {\"text\":\"\\\\n\\\\n \uE134\",\"font\":\"jmmf:cookbook\",\"color\":\"white\"} ]', '[\"\", {\"text\":\"\uF133\",\"font\":\"jmmf:cookbook\",\"color\":\"white\"}, {\"text\":\" | \"}, {\"translate\":\"item.jmmf.chicken_pot_pie\"}, {\"text\":\"\\\\n\\\\n \uE133\",\"font\":\"jmmf:cookbook\",\"color\":\"white\"} ]', '[\"\", {\"text\":\"\uF330\",\"font\":\"jmmf:cookbook\",\"color\":\"white\"}, {\"text\":\" | \"}, {\"translate\":\"item.jmmf.black_forest_doughnut\"}, {\"text\":\"\\\\n\\\\n \uE330\\\\n\\\\n\\\\n\\\\n\",\"font\":\"jmmf:cookbook\",\"color\":\"white\"}, {\"translate\":\"item.jmmf.cookbook.doughnuts.space_1\"}, {\"text\":\"\uF331\",\"font\":\"jmmf:cookbook\",\"color\":\"white\"}, {\"text\":\" | \"}, {\"translate\":\"item.jmmf.chocolate_doughnut\"}, {\"text\":\"\\\\n\\\\n \uE331\",\"font\":\"jmmf:cookbook\",\"color\":\"white\"} ]', '[\"\", {\"text\":\"\uF332\",\"font\":\"jmmf:cookbook\",\"color\":\"white\"}, {\"text\":\" | \"}, {\"translate\":\"item.jmmf.sugar_doughnut\"}, {\"text\":\"\\\\n\\\\n \uE332\",\"font\":\"jmmf:cookbook\",\"color\":\"white\"} ]', '[\"\", {\"text\":\"\uF160\",\"font\":\"jmmf:cookbook\",\"color\":\"white\"}, {\"text\":\" | \"}, {\"translate\":\"item.jmmf.cookbook.salad\",\"underlined\":\"true\"}, {\"text\":\"\\\\n\"}, {\"translate\":\"item.jmmf.cookbook.salad.desc\",\"color\":\"dark_gray\"}, {\"text\":\"\\\\n\uF164\",\"font\":\"jmmf:cookbook\",\"color\":\"white\"}, {\"text\":\" | \"}, {\"translate\":\"item.jmmf.fruit_salad\"}, {\"text\":\"\\\\n\\\\n    \uE164\\\\n\\\\n\\\\n\\\\n\",\"font\":\"jmmf:cookbook\",\"color\":\"white\"}, {\"translate\":\"item.jmmf.cookbook.fruit_salad.desc\",\"color\":\"dark_gray\"} ]', '[\"\", {\"text\":\"\uF160\",\"font\":\"jmmf:cookbook\",\"color\":\"white\"}, {\"text\":\" | \"}, {\"translate\":\"item.jmmf.coleslaw\"}, {\"text\":\"\\\\n\\\\n    \uE160\\\\n\\\\n\\\\n\\\\n\",\"font\":\"jmmf:cookbook\",\"color\":\"white\"}, {\"translate\":\"item.jmmf.cookbook.salad.space_1\"}, {\"text\":\"\uF161\",\"font\":\"jmmf:cookbook\",\"color\":\"white\"}, {\"text\":\" | \"}, {\"translate\":\"item.jmmf.potato_salad\"}, {\"text\":\"\\\\n\\\\n    \uE161\",\"font\":\"jmmf:cookbook\",\"color\":\"white\"} ]', '[\"\", {\"text\":\"\uF162\",\"font\":\"jmmf:cookbook\",\"color\":\"white\"}, {\"text\":\" | \"}, {\"translate\":\"item.jmmf.vegetable_salad\"}, {\"text\":\"\\\\n\\\\n    \uE162\\\\n\\\\n\\\\n\\\\n\",\"font\":\"jmmf:cookbook\",\"color\":\"white\"}, {\"translate\":\"item.jmmf.cookbook.vegetable_salad.desc\",\"color\":\"dark_gray\"} ]', '[\"\", {\"text\":\"\uF163\",\"font\":\"jmmf:cookbook\",\"color\":\"white\"}, {\"text\":\" | \"}, {\"translate\":\"item.jmmf.fleshy_salad\"}, {\"text\":\"\\\\n\\\\n    \uE163\\\\n\\\\n\\\\n\\\\n\",\"font\":\"jmmf:cookbook\",\"color\":\"white\"}, {\"translate\":\"item.jmmf.cookbook.fleshy_salad.desc\",\"color\":\"dark_gray\"} ]', '[\"\", {\"text\":\"\uF132\",\"font\":\"jmmf:cookbook\",\"color\":\"white\"}, {\"text\":\" | \"}, {\"translate\":\"item.jmmf.cookbook.ice_cream\",\"underlined\":\"true\"}, {\"text\":\"\\\\n\"}, {\"translate\":\"item.jmmf.cookbook.ice_cream.desc_1\",\"color\":\"dark_gray\"},{\"text\":\"\\\\n\"}, {\"translate\":\"item.jmmf.cookbook.ice_cream.desc_2\",\"color\":\"#5C6E83\"},{\"text\":\"\\\\n\"}, {\"translate\":\"item.jmmf.cookbook.ice_cream.desc_3\",\"color\":\"#494E49\"}, {\"text\":\"\\\\n\"}, {\"text\":\"\uF222\",\"font\":\"jmmf:cookbook\",\"color\":\"white\"}, {\"text\":\" | \"}, {\"translate\":\"item.jmmf.melon_ice_cream\"}, {\"text\":\"\\\\n\\\\n    \uE222\",\"font\":\"jmmf:cookbook\",\"color\":\"white\"} ]', '[\"\", {\"text\":\"\uF221\",\"font\":\"jmmf:cookbook\",\"color\":\"white\"}, {\"text\":\" | \"}, {\"translate\":\"item.jmmf.chocolate_ice_cream\"}, {\"text\":\"\\\\n\\\\n    \uE221\\\\n\\\\n\\\\n\\\\n\",\"font\":\"jmmf:cookbook\",\"color\":\"white\"}, {\"translate\":\"item.jmmf.cookbook.ice_cream.space_1\"}, {\"text\":\"\uF220\",\"font\":\"jmmf:cookbook\",\"color\":\"white\"}, {\"text\":\" | \"}, {\"translate\":\"item.jmmf.apple_ice_cream\"}, {\"text\":\"\\\\n\\\\n    \uE220\",\"font\":\"jmmf:cookbook\",\"color\":\"white\"} ]', '[\"\", {\"text\":\"\uF223\",\"font\":\"jmmf:cookbook\",\"color\":\"white\"}, {\"text\":\" | \"}, {\"translate\":\"item.jmmf.pumpkin_ice_cream\"}, {\"text\":\"\\\\n\\\\n    \uE223\",\"font\":\"jmmf:cookbook\",\"color\":\"white\"} ]', '[\"\", {\"text\":\"\uF250\",\"font\":\"jmmf:cookbook\",\"color\":\"white\"}, {\"text\":\" | \"}, {\"translate\":\"item.jmmf.fish_and_chips\"}, {\"text\":\"\\\\n\\\\n \uE250\\\\n\\\\n\\\\n\\\\n\",\"font\":\"jmmf:cookbook\",\"color\":\"white\"}, {\"translate\":\"item.jmmf.cookbook.other.space_1\"}, {\"text\":\"\uF006\",\"font\":\"jmmf:cookbook\",\"color\":\"white\"}, {\"text\":\" | \"}, {\"translate\":\"item.jmmf.boiled_egg\"}, {\"text\":\"\\\\n\\\\n \uE006\\\\n\\\\n\\\\n\\\\n\",\"font\":\"jmmf:cookbook\",\"color\":\"white\"}, {\"translate\":\"item.jmmf.cookbook.requires_water\",\"color\":\"#3F76E4\"} ]', '[\"\", {\"text\":\"\uF007\",\"font\":\"jmmf:cookbook\",\"color\":\"white\"}, {\"text\":\" | \"}, {\"translate\":\"item.jmmf.fried_egg\"}, {\"text\":\"\\\\n\\\\n \uE007\\\\n\\\\n\\\\n\\\\n\",\"font\":\"jmmf:cookbook\",\"color\":\"white\"}, {\"translate\":\"item.jmmf.cookbook.must_have_no_water\",\"color\":\"dark_red\"}, {\"translate\":\"item.jmmf.cookbook.other.space_2\"}, {\"text\":\"\\\\n\uF251\",\"font\":\"jmmf:cookbook\",\"color\":\"white\"}, {\"text\":\" | \"}, {\"translate\":\"item.jmmf.leche_flan\"}, {\"text\":\"\\\\n\\\\n \uE251\",\"font\":\"jmmf:cookbook\",\"color\":\"white\"} ]', '[\"\", {\"text\":\"\uF190\",\"font\":\"jmmf:cookbook\",\"color\":\"white\"}, {\"text\":\" | \"}, {\"translate\":\"item.jmmf.rotten_stew\"}, {\"text\":\"\\\\n\\\\n \uE190\\\\n\\\\n\\\\n\\\\n\",\"font\":\"jmmf:cookbook\",\"color\":\"white\"}, {\"translate\":\"item.jmmf.cookbook.requires_water\",\"color\":\"#3F76E4\"}, {\"text\":\"\\\\n\"}, {\"translate\":\"item.jmmf.cookbook.rotten_stew.desc\",\"color\":\"dark_gray\"} ]', '[\"\", {\"text\":\"\uF923\",\"font\":\"jmmf:cookbook\",\"color\":\"white\"}, {\"text\":\" | \"}, {\"translate\":\"item.jmmf.cookbook.nutritionbook\",\"underlined\":\"true\"}, {\"text\":\"\\\\n\\\\n\uE923\\\\n\\\\n\\\\n\\\\n\\\\n\\\\n\",\"font\":\"jmmf:cookbook\",\"color\":\"white\"}, {\"translate\":\"item.jmmf.cookbook.nutritionbook.desc\",\"color\":\"dark_gray\"} ]', '[\"\", {\"translate\":\"item.jmmf.cookbook.credits.thanks\",\"underlined\":\"true\"}, {\"translate\":\"item.jmmf.cookbook.credits.desc_1\",\"color\":\"dark_gray\"}, {\"translate\":\"item.jmmf.cookbook.credits.credits\",\"underlined\":\"true\"}, {\"text\":\"Bonii\",\"color\":\"blue\",\"clickEvent\":{\"action\":\"open_url\",\"value\":\"https://twitter.com/ChalkDev\"},\"hoverEvent\":{\"action\":\"show_text\",\"contents\":[{\"translate\":\"item.jmmf.cookbook.credits.follow_twitter\"}]}}, {\"text\":\", VidiTerraNovum, RenTheMan, Sirenity - \",\"color\":\"dark_gray\"}, {\"translate\":\"item.jmmf.cookbook.credits.sprites\", \"color\":\"dark_gray\"} ]', ], title:\"Josh's Cookbook\", author:\"Joshcraft2002\"}" },
              { "function": "set_nbt", "tag": "{smithed:{id:'jmmf:cookbook'}, CustomModelData:480901}" },
              { "function": "set_name", "name": [{ "translate": "item.jmmf.cookbook", "italic": false }] }
            ]
          }
        ]
      }
    ]
}