{
    "pools": [
        {
            "rolls": 1,
            "entries": [
                {
                    "type": "item",
                    "weight": 1,
                    "name": "minecraft:cookie",
                    "functions": [
                        { "function": "set_count", "count": 1 },
                        { "function": "set_nbt", "tag": "{CustomModelData:480924}"},
                        { "function": "set_nbt", "tag": "{smithed:{id:'jmmf:gilded_tea'}}" },
                        { "function": "set_name", "name": [{ "translate": "item.jmmf.gilded_tea", "italic": false , "color": "aqua"}] },
                        { "function": "set_lore", "lore": [{ "translate": "item.jmmf.gilded_tea.lore_1", "italic": false , "color": "gold"}] },
                        { "function": "set_lore", "lore": [{ "translate": "item.jmmf.gilded_tea.lore_2", "italic": true , "color": "gray"}] }
                    ]
                }
            ]
        }
    ]
}
