{
    "pools": [
        {
            "rolls": 1,
            "entries": [
                {
                    "type": "item",
                    "name": "minecraft:stone_sword",
                    "functions": [
                        { "function": "set_nbt", "tag": "{CustomModelData:481051,
                            AttributeModifiers:[
                                {AttributeName:\"generic.attack_damage\",Amount:2.5,Slot:mainhand,Name:\"generic.attack_damage\",UUID:[I;-12187,20244,12938,-40488]},
                                {AttributeName:\"generic.attack_speed\",Amount:-2,Slot:mainhand,Name:\"generic.attack_speed\",UUID:[I;-12187,20344,12938,-40688]}],
                            display:{Lore:[
                                '[{\"text\":\"\"}]',
                                '[{\"translate\":\"item.modifiers.mainhand\",\"italic\":false,\"color\":\"gray\"}]',
                                '[{\"translate\":\"item.jmmf.stone_knife.lore.attack_damage\",\"italic\":false,\"color\":\"dark_green\"}]',
                                '[{\"translate\":\"item.jmmf.stone_knife.lore.attack_speed\",\"italic\":false,\"color\":\"dark_green\"}]']},HideFlags:2}" },
                        { "function": "set_nbt", "tag": "{jmmf:{knife:1b}, smithed:{id:'jmmf:stone_knife', dict:{tool:{knife:1b}}}}" },
                        { "function": "set_name", "name": [{ "translate": "item.jmmf.stone_knife", "italic": false }] }
                    ]
                }
            ]
        }
    ]
}
