{
    "pools": [
        {
            "rolls": 1,
            "entries": [
                {
                    "type": "item",
                    "weight": 1,
                    "name": "minecraft:suspicious_stew",
                    "functions": [
                        { "function": "set_count", "count": 1 },
                        { "function": "set_nbt", "tag": "{Effects:[{EffectId:2b,EffectDuration:200},{EffectId:18b,EffectDuration:200}], CustomModelData:487002}" },
                        { "function": "set_nbt", "tag": "{ctc:{id:'melon_ice_cream',from:'joshmats:morefoods',traits:{'item':1b,'food':1b,'food/dessert':1b,'food/ice_cream':1b}}}" },
                        { "function": "set_name", "name": [{ "text": "Melon Ice Cream", "italic": false }] }
                    ]
                }
            ]
        }
    ]
}
