{
    "pools": [
        {
            "rolls": 1,
            "entries": [
                {
                    "type": "item",
                    "weight": 1,
                    "name": "minecraft:pumpkin_pie",
                    "functions": [
                        { "function": "set_count", "count": 1 },
                        { "function": "set_nbt", "tag": "{CustomModelData:481134}"},
                        { "function": "set_nbt", "tag": "{smithed:{id:'jmmf:shepherds_pie', dict:{food:{pie:1b}}}}" },
                        { "function": "set_name", "name": [{ "translate": "item.jmmf.shepherds_pie", "italic": false }] }
                    ]
                }
            ]
        }
    ]
}
