{
    "pools": [
        {
            "rolls": 1,
            "entries": [
                {
                    "type": "item",
                    "weight": 1,
                    "name": "minecraft:wheat",
                    "functions": [
                        { "function": "set_count", "count": 1 },
                        { "function": "set_nbt", "tag": "{smithed:{id:'jmmf:rice', dict:{rice:1b}}, CustomModelData:481001}" },
                        { "function": "set_name", "name": [{ "translate": "item.jmmf.rice", "italic": false }] }
                    ]
                }
            ]
        }
    ]
}
