{   
    "parent": "jmmf:story/cookbook",
    "display": {
        "icon":{
            "item": "minecraft:furnace",
            "nbt": "{CustomModelData:480900}"
        },
        "title": {
          "translate": "advancements.jmmf.letsgetcooking.title"
        },
        "description": {
          "translate": "advancements.jmmf.letsgetcooking.description"
        },
        "hidden": false
    },
    "criteria": {
      "get_cooking_station": {
          "trigger": "minecraft:inventory_changed",
          "conditions": {
            "items": [
              {
                "nbt": "{smithed:{id:'jmmf:cooking_station'}}"
              }
            ]
          }
        }
      }
    
}