{
    "pools": [
        {
            "rolls": 1,
            "entries": [
                {
                    "type": "item",
                    "weight": 1,
                    "name": "minecraft:cookie",
                    "functions": [
                        { "function": "set_count", "count": 1 },
                        { "function": "set_nbt", "tag": "{smithed:{id:'jmmf:fried_rice', dict:{food:1b}}, CustomModelData:4811001}" },
                        { "function": "set_name", "name": [{ "translate": "item.jmmf.fried_rice", "italic": false }] }
                    ]
                }
            ]
        }
    ]
}
