{
    "parent": "item/generated",
    "textures": {
        "layer0": "item/suspicious_stew"
    },
    "overrides": [
        { "predicate": { "custom_model_data": 487001 }, "model": "joshmorefoods:item/susstew/apple_ice_cream" },
        { "predicate": { "custom_model_data": 487002 }, "model": "joshmorefoods:item/susstew/melon_ice_cream" },
        { "predicate": { "custom_model_data": 487003 }, "model": "joshmorefoods:item/susstew/chocolate_ice_cream" },
        { "predicate": { "custom_model_data": 487004 }, "model": "joshmorefoods:item/susstew/pumpkin_ice_cream" }

    ]
}