{
    "pools": [
        {
            "rolls": 1,
            "entries": [
                {
                    "type": "item",
                    "weight": 1,
                    "name": "minecraft:cookie",
                    "functions": [
                        { "function": "set_count", "count": 8 },
                        { "function": "set_nbt", "tag": "{CustomModelData:483002}" },
                        { "function": "set_nbt", "tag": "{ctc:{id:'honey_cookie',from:'joshmats:morefoods',traits:{'item':1b,'food':1b,'food/cookie':1b}}}" },
                        { "function": "set_name", "name": [{ "text": "Honey Cookie", "italic": false }] }
                    ]
                }
            ]
        }
    ]
}
