{
    "pools": [
        {
            "rolls": 1,
            "entries": [
                {
                    "type": "item",
                    "weight": 1,
                    "name": "minecraft:cookie",
                    "functions": [
                        { "function": "set_count", "count": 3 },
                        { "function": "set_nbt", "tag": "{CustomModelData:483004}" },
                        { "function": "set_nbt", "tag": "{ctc:{id:'sugar_cookie',from:'joshmats:morefoods',traits:{'item':1b,'food':1b,'food/cookie':1b}}}" },
                        { "function": "set_name", "name": [{ "text": "Sugar Cookie", "italic": false }] }
                    ]
                }
            ]
        }
    ]
}
